Workbook

Sheet Giacenze
A1: Codice | B1: Descrizione | C1: Ubicazione | D1: Fornitore | E1: Ragione sociale | F1: Giacenza | G1: Scorta minima | H1: Da riordinare
A2: RIC-10000 | B2: Cuscinetto rinforzato 29 mm | C2: S7-F02 | D2: F01 | E2: =VLOOKUP(D2,Fornitori!$A$2:$C$6,2,FALSE()) -> Meccanica Bassi S.r.l. | F2: 4 | G2: 22 | H2: =IF(F2<G2,"SI","NO") -> SI
A3: RIC-10007 | B3: Cinghia dentata tipo A 56 mm | C3: S1-E07 | D3: F02 | E3: =VLOOKUP(D3,Fornitori!$A$2:$C$6,2,FALSE()) -> Rulmeca Italia | F3: 2 | G3: 7 | H3: =IF(F3<G3,"SI","NO") -> SI
A4: RIC-10014 | B4: Sensore induttivo inox 63 mm | C4: S2-B03 | D4: F03 | E4: =VLOOKUP(D4,Fornitori!$A$2:$C$6,2,FALSE()) -> Elettrotecnica Ferri | F4: 35 | G4: 18 | H4: =IF(F4<G4,"SI","NO") -> NO
A5: RIC-10021 | B5: Elettrovalvola tipo A 82 mm | C5: S2-B21 | D5: F04 | E5: =VLOOKUP(D5,Fornitori!$A$2:$C$6,2,FALSE()) -> Pneumax Service | F5: 40 | G5: 23 | H5: =IF(F5<G5,"SI","NO") -> NO
A6: RIC-10028 | B6: Guarnizione tipo A 83 mm | C6: S7-A08 | D6: F05 | E6: =VLOOKUP(D6,Fornitori!$A$2:$C$6,2,FALSE()) -> Guarnizioni Alpi | F6: 2 | G6: 22 | H6: =IF(F6<G6,"SI","NO") -> SI
A7: RIC-10035 | B7: Motoriduttore tipo B 47 mm | C7: S7-B18 | D7: F01 | E7: =VLOOKUP(D7,Fornitori!$A$2:$C$6,2,FALSE()) -> Meccanica Bassi S.r.l. | F7: 7 | G7: 23 | H7: =IF(F7<G7,"SI","NO") -> SI
A8: RIC-10042 | B8: Fotocellula rinforzato 81 mm | C8: S3-A19 | D8: F02 | E8: =VLOOKUP(D8,Fornitori!$A$2:$C$6,2,FALSE()) -> Rulmeca Italia | F8: 36 | G8: 11 | H8: =IF(F8<G8,"SI","NO") -> NO
A9: RIC-10049 | B9: Encoder rinforzato 22 mm | C9: S2-E02 | D9: F03 | E9: =VLOOKUP(D9,Fornitori!$A$2:$C$6,2,FALSE()) -> Elettrotecnica Ferri | F9: 39 | G9: 11 | H9: =IF(F9<G9,"SI","NO") -> NO
A10: RIC-10056 | B10: Lama di taglio inox 97 mm | C10: S7-C15 | D10: F04 | E10: =VLOOKUP(D10,Fornitori!$A$2:$C$6,2,FALSE()) -> Pneumax Service | F10: 37 | G10: 19 | H10: =IF(F10<G10,"SI","NO") -> NO
A11: RIC-10063 | B11: Rullo trasportatore rinforzato 48 mm | C11: S4-B23 | D11: F05 | E11: =VLOOKUP(D11,Fornitori!$A$2:$C$6,2,FALSE()) -> Guarnizioni Alpi | F11: 49 | G11: 12 | H11: =IF(F11<G11,"SI","NO") -> NO
A12: RIC-10070 | B12: Cuscinetto tipo A 83 mm | C12: S5-E16 | D12: F01 | E12: =VLOOKUP(D12,Fornitori!$A$2:$C$6,2,FALSE()) -> Meccanica Bassi S.r.l. | F12: 56 | G12: 15 | H12: =IF(F12<G12,"SI","NO") -> NO
A13: RIC-10077 | B13: Cinghia dentata inox 46 mm | C13: S2-A17 | D13: F02 | E13: =VLOOKUP(D13,Fornitori!$A$2:$C$6,2,FALSE()) -> Rulmeca Italia | F13: 26 | G13: 10 | H13: =IF(F13<G13,"SI","NO") -> NO
... A1501: RIC-20493 | B1501: Rullo trasportatore rinforzato 20 mm | C1501: S2-F16 | D1501: F05 | E1501: =VLOOKUP(D1501,Fornitori!$A$2:$C$6,2,FALSE()) -> Guarnizioni Alpi | F1501: 27 | G1501: 24 | H1501: =IF(F1501<G1501,"SI","NO") -> NO

Sheet Fornitori
A1: Codice | B1: Ragione sociale | C1: Città
A2: F01 | B2: Meccanica Bassi S.r.l. | C2: Brescia
A3: F02 | B3: Rulmeca Italia | C3: Bergamo
A4: F03 | B4: Elettrotecnica Ferri | C4: Torino
A5: F04 | B5: Pneumax Service | C5: Lurano
A6: F05 | B6: Guarnizioni Alpi | C6: Cuneo

Sheet Riordino
A1: Articoli sotto scorta minima | E1: Lead time medio per fornitore (giorni)
A2: RIC-10000 | E2: F01 | F2: 39
A3: RIC-10007 | E3: F02 | F3: 33
A4: RIC-10028 | E4: F03 | F4: 10
A5: RIC-10035 | E5: F04 | F5: 28
A6: RIC-10112 | E6: F05 | F6: 35
A7: RIC-10119
A8: RIC-10140
A9: RIC-10175
A10: RIC-10182
A11: RIC-10189
A12: RIC-10196
A13: RIC-10203
A14: RIC-10231
A15: RIC-10259
A16: RIC-10294
A17: RIC-10308
A18: RIC-10315
... A41: RIC-10763
